{"cameraMode":{"drawMode":0,"name":"Shaded","section":"Shading Mode"},"sceneLighting":true,"audioPlay":false,"sceneViewState":{"showFog":true,"showMaterialUpdate":true,"showSkybox":true,"showFlares":true,"showImageEffects":true,"showParticleSystems":true},"in2DMode":false,"pivot":{"x":0.3296339511871338,"y":0.3434008061885834,"z":-1.802869200706482},"rotation":{"x":-0.0008988257613964379,"y":-0.9970175623893738,"z":0.07641886919736862,"w":-0.011669585481286049},"size":2.642526149749756,"orthographic":false}